,generacion_termica_gwh,generacion_renovable_gwh
count,99.0,100.0
mean,39.42293620585325,98.01455203454138
std,5.976913233998964,23.154030810235014
min,30.110442342472048,-99.9
25%,33.80837317944672,89.65118763368326
50%,39.44429850323898,100.22499428787128
75%,44.61600120149469,110.64734391843778
max,49.73773873201034,119.42601816442402
